name,repository,pkg_mng
vdev,https://github.com/jcnelson/vdev,chromebrew
py2_six,https://github.com/benjaminp/six,chromebrew
wavpack,https://github.com/dbry/WavPack,chromebrew
gsettings_desktop_schemas,https://gitlab.gnome.org/GNOME/gsettings-desktop-schemas,chromebrew
civetweb,https://github.com/civetweb/civetweb,chromebrew
libmatroska,https://github.com/Matroska-Org/libmatroska,chromebrew
codelite,https://github.com/eranif/codelite,chromebrew
intel_media_sdk,https://github.com/Intel-Media-SDK/MediaSDK,chromebrew
trousers,https://github.com/Intel-Media-SDK/MediaSDK,chromebrew
gnome_online_accounts,https://github.com/Intel-Media-SDK/MediaSDK,chromebrew
keychain,https://github.com/funtoo/keychain,chromebrew
sommelier,https://github.com/chromebrew/crew-package-sommelier,chromebrew
fetch,https://github.com/jrmarino/fetch-freebsd,chromebrew
lha,https://github.com/jca02266/lha,chromebrew
py3_docx2txt,https://github.com/ankushshah89/python-docx2txt,chromebrew
tk,https://github.com/ankushshah89/python-docx2txt,chromebrew
oc,https://github.com/openshift/origin,chromebrew
geany_plugins,https://github.com/geany/geany-plugins,chromebrew
diskscan,https://github.com/baruch/diskscan,chromebrew
exo,https://github.com/baruch/diskscan,chromebrew
prometheus_cpp,https://github.com/jupp0r/prometheus-cpp,chromebrew
chromaprint,https://github.com/acoustid/chromaprint,chromebrew
re2c,https://github.com/skvadrik/re2c,chromebrew
py3_argcomplete,https://github.com/kislyuk/argcomplete,chromebrew
textract,https://github.com/deanmalmgren/textract,chromebrew
pkgconf,https://github.com/pkgconf/pkgconf,chromebrew
flutter,https://github.com/flutter/flutter,chromebrew
github_release,https://github.com/aktau/github-release,chromebrew
nconvert,https://github.com/aktau/github-release,chromebrew
evince,https://gitlab.gnome.org/GNOME/evince,chromebrew
vte,https://gitlab.gnome.org/GNOME/vte,chromebrew
stellarium,https://github.com/Stellarium/stellarium,chromebrew
argon2,https://github.com/P-H-C/phc-winner-argon2,chromebrew
mtools,https://github.com/P-H-C/phc-winner-argon2,chromebrew
gettext,https://github.com/P-H-C/phc-winner-argon2,chromebrew
libportal,https://github.com/flatpak/libportal,chromebrew
speedtest_cli,https://github.com/sivel/speedtest-cli,chromebrew
leiningen,https://github.com/technomancy/leiningen,chromebrew
benchmark,https://github.com/google/benchmark,chromebrew
cargo_c,https://github.com/lu-zero/cargo-c,chromebrew
libmicrodns,https://github.com/videolabs/libmicrodns,chromebrew
harfbuzz,https://github.com/harfbuzz/harfbuzz,chromebrew
py3_babel,https://github.com/python-babel/babel,chromebrew
which,https://carlowood.github.io/which/which-2.21.tar.gz,chromebrew
py3_py,https://github.com/pytest-dev/py,chromebrew
wl_clipboard,https://github.com/bugaevc/wl-clipboard,chromebrew
whois,https://github.com/rfc1036/whois,chromebrew
py3_keyring,https://github.com/jaraco/keyring,chromebrew
fd,https://github.com/sharkdp/fd,chromebrew
gdk_pixbuf,https://gitlab.gnome.org/GNOME/gdk-pixbuf,chromebrew
glide,https://github.com/Masterminds/glide,chromebrew
dia,https://github.com/GNOME/dia,chromebrew
dart,https://github.com/GNOME/dia,chromebrew
cmus,https://github.com/cmus/cmus,chromebrew
py3_ldapdomaindump,https://github.com/dirkjanm/ldapdomaindump,chromebrew
mysqltuner,https://github.com/major/MySQLTuner-perl,chromebrew
py3_secretstorage,https://github.com/mitya57/secretstorage,chromebrew
libspng,https://gitlab.com/randy408/libspng/uploads/3d980bac86c51368f40af2f1ac79a057/libspng-0.5.0.tar.xz,chromebrew
cros_resize,https://raw.githubusercontent.com/ethanmad/chromeos-resize/6b01b71f649dbf77b2e6ac932e8ad868e8272250/cros-resize.sh,chromebrew
gvfs,https://gitlab.gnome.org/GNOME/gvfs,chromebrew
py3_cryptography,https://github.com/pyca/cryptography,chromebrew
docbook_xml50,https://github.com/pyca/cryptography,chromebrew
libsecret,https://github.com/GNOME/libsecret,chromebrew
chromebrew_scripts,https://github.com/uberhacker/chromebrew-scripts,chromebrew
healthcheck,https://github.com/SimplyLinuxFAQ/health-check-script,chromebrew
lv2,https://github.com/lv2/lv2,chromebrew
autosetup,https://github.com/msteveb/autosetup,chromebrew
snooze,https://github.com/chneukirchen/snooze,chromebrew
libchamplain,https://github.com/chneukirchen/snooze,chromebrew
py3_olefile,https://github.com/decalage2/olefile,chromebrew
libical,https://github.com/libical/libical,chromebrew
github_desktop,https://github.com/shiftkey/desktop,chromebrew
itstool,https://github.com/itstool/itstool,chromebrew
librespot,https://github.com/librespot-org/librespot,chromebrew
c_ares,https://github.com/c-ares/c-ares,chromebrew
glib,https://gitlab.gnome.org/GNOME/glib,chromebrew
py3_six,https://github.com/benjaminp/six,chromebrew
mc,https://github.com/MidnightCommander/mc,chromebrew
sshcode,https://raw.githubusercontent.com/cdr/sshcode/v0.8.0/README.md,chromebrew
adobe_source_code_pro_fonts,https://github.com/adobe-fonts/source-code-pro,chromebrew
yelp_xsl,https://github.com/adobe-fonts/source-code-pro,chromebrew
ncurses,https://github.com/mirror/ncurses,chromebrew
perl_gcstring_linebreak,https://github.com/mirror/ncurses,chromebrew
plowshare,https://github.com/mcrapet/plowshare,chromebrew
kotlin,https://github.com/JetBrains/kotlin,chromebrew
rav1e,https://github.com/JetBrains/kotlin,chromebrew
glslang,https://github.com/KhronosGroup/glslang,chromebrew
libcue,https://github.com/lipnitsk/libcue,chromebrew
kbfsfuse,https://github.com/keybase/kbfs,chromebrew
py3_isodate,https://github.com/gweis/isodate,chromebrew
opam,https://github.com/ocaml/opam,chromebrew
libimobiledevice,https://github.com/ocaml/opam,chromebrew
libproxy,https://github.com/libproxy/libproxy,chromebrew
elixir,https://github.com/elixir-lang/elixir,chromebrew
glog,https://github.com/google/glog,chromebrew
freetype,https://gitlab.freedesktop.org/freetype/freetype,chromebrew
libevent,https://gitlab.freedesktop.org/freetype/freetype,chromebrew
gtk_engines_adwaita,https://github.com/GNOME/gnome-themes-extra,chromebrew
sonic,https://github.com/espeak-ng/sonic,chromebrew
py3_xmltodict,https://github.com/martinblech/xmltodict,chromebrew
phive,https://github.com/phar-io/phive,chromebrew
gtest,https://github.com/google/googletest,chromebrew
libshine,https://github.com/toots/shine,chromebrew
setconf,https://github.com/toots/shine,chromebrew
gpm,https://github.com/telmich/gpm,chromebrew
py3_jmespath,https://github.com/jmespath/jmespath.py,chromebrew
waypipe,https://gitlab.freedesktop.org/mstoeckl/waypipe,chromebrew
spirv_headers,https://github.com/KhronosGroup/SPIRV-Headers,chromebrew
gpart,https://github.com/baruch/gpart,chromebrew
julia,https://github.com/baruch/gpart,chromebrew
syncthing,https://github.com/syncthing/syncthing,chromebrew
py3_fasteners,https://github.com/harlowja/fasteners,chromebrew
libsigcplusplus,https://github.com/harlowja/fasteners,chromebrew
py3_pipdeptree,https://github.com/naiquevin/pipdeptree,chromebrew
ipfs,https://github.com/ipfs/go-ipfs,chromebrew
github_cli,https://github.com/cli/cli,chromebrew
yelp_tools,https://github.com/cli/cli,chromebrew
xe,https://github.com/chneukirchen/xe,chromebrew
kakoune,https://github.com/mawww/kakoune,chromebrew
fzf,https://github.com/junegunn/fzf,chromebrew
py3_imagesize,https://github.com/shibukawa/imagesize_py,chromebrew
gnome_shell,https://gitlab.gnome.org/GNOME/gnome-shell,chromebrew
filecmd,https://gitlab.gnome.org/GNOME/gnome-shell,chromebrew
libffi,https://github.com/libffi/libffi,chromebrew
py3_greenlet,https://github.com/python-greenlet/greenlet,chromebrew
enchant,https://github.com/python-greenlet/greenlet,chromebrew
amtk,https://github.com/GNOME/amtk,chromebrew
mypaint_brushes,https://github.com/mypaint/mypaint-brushes,chromebrew
py3_agate_sql,https://github.com/wireservice/agate-sql,chromebrew
py3_smartypants,https://github.com/leohemsted/smartypants.py,chromebrew
cgroupfs_mount,https://github.com/tianon/cgroupfs-mount,chromebrew
dosfstools,https://github.com/dosfstools/dosfstools,chromebrew
py3_certifi,https://github.com/certifi/python-certifi,chromebrew
berry,https://github.com/JLErvin/berry,chromebrew
libnl3,https://github.com/thom311/libnl,chromebrew
jsonc,https://github.com/json-c/json-c,chromebrew
py3_colorama,https://github.com/tartley/colorama,chromebrew
htop,https://github.com/htop-dev/htop,chromebrew
musl_obstack,https://github.com/void-linux/musl-obstack,chromebrew
six,https://github.com/void-linux/musl-obstack,chromebrew
suitesparse,https://github.com/DrTimothyAldenDavis/SuiteSparse,chromebrew
py3_abimap,https://github.com/ansasaki/abimap,chromebrew
mywanip,https://gist.github.com/DennisLfromGA/ab40940d37be84ae3a88,chromebrew
get_iplayer,https://github.com/get-iplayer/get_iplayer,chromebrew
superlu,https://github.com/xiaoyeli/superlu,chromebrew
camp,https://github.com/xiaoyeli/superlu,chromebrew
mdp,https://github.com/visit1985/mdp,chromebrew
w3m,https://github.com/tats/w3m,chromebrew
py3_appdirs,https://github.com/ActiveState/appdirs,chromebrew
musl_wolfssl,https://github.com/wolfSSL/wolfssl,chromebrew
nethogs,https://github.com/raboof/nethogs,chromebrew
mujs,https://github.com/raboof/nethogs,chromebrew
bitpocket,https://github.com/sickill/bitpocket,chromebrew
phpsysinfo,https://github.com/phpsysinfo/phpsysinfo,chromebrew
musl_perl,https://github.com/phpsysinfo/phpsysinfo,chromebrew
charm,https://github.com/phpsysinfo/phpsysinfo,chromebrew
openblas,https://github.com/xianyi/OpenBLAS,chromebrew
py3_terminaltables,https://github.com/Robpol86/terminaltables,chromebrew
woff2,https://github.com/google/woff2,chromebrew
musl_cyrus_sasl,https://github.com/cyrusimap/cyrus-sasl,chromebrew
s,https://github.com/cyrusimap/cyrus-sasl,chromebrew
jfrog,https://github.com/jfrog/jfrog-cli-go,chromebrew
py3_ebooklib,https://github.com/aerkalov/ebooklib,chromebrew
libass,https://github.com/libass/libass,chromebrew
fskit,https://github.com/jcnelson/fskit,chromebrew
zstd,https://github.com/facebook/zstd,chromebrew
xxd_standalone,https://github.com/vim/vim,chromebrew
llvm,https://github.com/llvm/llvm-project,chromebrew
miniconda3,https://raw.githubusercontent.com/conda/conda/4.5.11/README.rst,chromebrew
gnome_docking_library,https://github.com/GNOME/gdl,chromebrew
udeler,https://github.com/FaisalUmair/udemy-downloader-gui,chromebrew
flex,https://github.com/westes/flex,chromebrew
libexiv2,https://github.com/Exiv2/exiv2,chromebrew
py3_libxml2,https://gitlab.gnome.org/GNOME/libxml2,chromebrew
numactl,https://github.com/numactl/numactl,chromebrew
iperf3,https://github.com/esnet/iperf,chromebrew
popt,https://github.com/rpm-software-management/popt,chromebrew
mesa,https://gitlab.freedesktop.org/mesa/mesa,chromebrew
picom,https://github.com/yshui/picom,chromebrew
py3_future,https://github.com/PythonCharmers/python-future,chromebrew
py3_flask,https://github.com/pallets/flask,chromebrew
py3_urllib3,https://github.com/urllib3/urllib3,chromebrew
libnfs,https://github.com/sahlberg/libnfs,chromebrew
check,https://github.com/libcheck/check,chromebrew
py3_json2xml,https://github.com/vinitkumar/json2xml,chromebrew
inxi,https://github.com/smxi/inxi,chromebrew
hyphen,https://github.com/hunspell/hyphen,chromebrew
libx11,https://gitlab.freedesktop.org/xorg/lib/libx11,chromebrew
lsscsi,https://github.com/hreinecke/lsscsi,chromebrew
irssi,https://github.com/irssi/irssi,chromebrew
perl_unicode_linebreak,https://github.com/hatukanezumi/Unicode-LineBreak,chromebrew
py3_setuptools_rust,https://github.com/PyO3/setuptools-rust,chromebrew
pango,https://gitlab.gnome.org/GNOME/pango,chromebrew
jack,https://gitlab.gnome.org/GNOME/pango,chromebrew
macchanger,https://github.com/alobbs/macchanger,chromebrew
readline,https://github.com/alobbs/macchanger,chromebrew
yarn,https://github.com/yarnpkg/yarn,chromebrew
gnome_autoar,https://github.com/yarnpkg/yarn,chromebrew
pdftk,https://gitlab.com/pdftk-java/pdftk/-,chromebrew
py3_dbfread,https://github.com/olemb/dbfread,chromebrew
exa,https://github.com/ogham/exa,chromebrew
speexdsp,https://gitlab.xiph.org/xiph/speexdsp,chromebrew
libgphoto,https://gitlab.xiph.org/xiph/speexdsp,chromebrew
tmux,https://github.com/tmux/tmux,chromebrew
gnome_calculator,https://gitlab.gnome.org/GNOME/gnome-calculator,chromebrew
php81,https://gitlab.gnome.org/GNOME/gnome-calculator,chromebrew
sshuttle,https://github.com/sshuttle/sshuttle,chromebrew
azure_cli,https://github.com/Azure/azure-cli,chromebrew
scrot,https://github.com/resurrecting-open-source-projects/scrot,chromebrew
libnvme,https://github.com/linux-nvme/libnvme,chromebrew
fontforge,https://github.com/fontforge/fontforge,chromebrew
openexr,https://github.com/openexr/openexr,chromebrew
rdfind,https://github.com/pauldreik/rdfind,chromebrew
sane_frontends,https://gitlab.com/sane-project/frontends/-,chromebrew
exif,https://github.com/libexif/exif,chromebrew
hollywood,https://github.com/libexif/exif,chromebrew
ninja,https://github.com/ninja-build/ninja,chromebrew
peek,https://github.com/phw/peek,chromebrew
libwpe,https://github.com/phw/peek,chromebrew
pkgsrc,https://github.com/NetBSD/pkgsrc,chromebrew
gnome_klotski,https://github.com/NetBSD/pkgsrc,chromebrew
py3_magic,https://github.com/ahupp/python-magic,chromebrew
networkmanager,https://github.com/ahupp/python-magic,chromebrew
py3_typing_extensions,https://github.com/python/typing,chromebrew
libva_utils,https://github.com/python/typing,chromebrew
ruby_docopt,https://github.com/docopt/docopt.rb,chromebrew
gyp_next,https://github.com/nodejs/gyp-next,chromebrew
zopfli,https://github.com/google/zopfli,chromebrew
gnome_tweaks,https://gitlab.gnome.org/GNOME/gnome-tweaks,chromebrew
kubectl,https://github.com/kubernetes/kubernetes,chromebrew
fftw,https://github.com/kubernetes/kubernetes,chromebrew
geoip,https://github.com/maxmind/geoip-api-c,chromebrew
squashfuse,https://github.com/vasi/squashfuse,chromebrew
py3_zipp,https://github.com/jaraco/zipp,chromebrew
graphene,https://github.com/ebassi/graphene,chromebrew
geocode_glib,https://github.com/GNOME/geocode-glib,chromebrew
nvm,https://github.com/nvm-sh/nvm,chromebrew
ffmpegthumbnailer,https://github.com/dirkvdb/ffmpegthumbnailer,chromebrew
py2_pip,https://github.com/pypa/pip,chromebrew
balena_etcher,https://github.com/pypa/pip,chromebrew
libyaml,https://github.com/yaml/libyaml,chromebrew
kore,https://github.com/jorisvink/kore,chromebrew
consolekit,https://github.com/jorisvink/kore,chromebrew
py3_pyudev,https://github.com/pyudev/pyudev,chromebrew
doxygen,https://github.com/doxygen/doxygen,chromebrew
cras,https://github.com/doxygen/doxygen,chromebrew
libsdl2,https://github.com/libsdl-org/SDL,chromebrew
vulkan_icd_loader,https://github.com/KhronosGroup/Vulkan-Loader,chromebrew
jasper,https://github.com/jasper-software/jasper,chromebrew
brackets,https://github.com/adobe/brackets,chromebrew
py3_wheel,https://github.com/pypa/wheel,chromebrew
shmux,https://github.com/shmux/shmux,chromebrew
py3_pyyaml,https://github.com/yaml/pyyaml,chromebrew
od1n,https://github.com/CoolerVoid/0d1n,chromebrew
xorg_lib,https://github.com/CoolerVoid/0d1n,chromebrew
wxformbuilder,https://github.com/wxFormBuilder/wxFormBuilder,chromebrew
py3_click,https://github.com/pallets/click,chromebrew
libhandy,https://gitlab.gnome.org/GNOME/libhandy,chromebrew
libgudev,https://github.com/GNOME/libgudev,chromebrew
sane_backends,https://gitlab.com/sane-project/backends/uploads/104f09c07d35519cc8e72e604f11643f/sane-backends-1.0.32.tar.gz,chromebrew
libcyrussasl,https://github.com/cyrusimap/cyrus-sasl,chromebrew
progress,https://github.com/Xfennec/progress,chromebrew
libvisual_plugins,https://github.com/Libvisual/libvisual,chromebrew
py3_typogrify,https://github.com/mintchaos/typogrify,chromebrew
owl,https://github.com/aoh/owl-lisp,chromebrew
telegram,https://github.com/telegramdesktop/tdesktop,chromebrew
libpsl,https://github.com/telegramdesktop/tdesktop,chromebrew
antlr4,https://raw.githubusercontent.com/antlr/antlr4/4.7.1/README.md,chromebrew
musl_libbacktrace,https://github.com/ianlancetaylor/libbacktrace,chromebrew
eigen,https://gitlab.com/libeigen/eigen/-,chromebrew
gjs,https://gitlab.gnome.org/GNOME/gjs,chromebrew
p11kit,https://github.com/p11-glue/p11-kit,chromebrew
musl_zstd,https://github.com/facebook/zstd,chromebrew
wxwidgets31,https://github.com/wxWidgets/wxWidgets,chromebrew
py3_agate,https://github.com/wireservice/agate,chromebrew
musl_xz,https://github.com/xz-mirror/xz,chromebrew
flif,https://github.com/FLIF-hub/FLIF,chromebrew
smartmontools,https://github.com/smartmontools/smartmontools,chromebrew
translate_shell,https://github.com/soimort/translate-shell,chromebrew
py3_jinja2,https://github.com/pallets/jinja,chromebrew
commacd,https://github.com/shyiko/commacd,chromebrew
libxml2,https://gitlab.gnome.org/GNOME/libxml2/-,chromebrew
tracker3_miners,https://gitlab.gnome.org/GNOME/libxml2/-,chromebrew
nautilus,https://gitlab.gnome.org/GNOME/nautilus,chromebrew
ruby,https://github.com/ruby/ruby,chromebrew
gvim,https://github.com/vim/vim,chromebrew
telepathy_glib,https://github.com/vim/vim,chromebrew
bash_completion,https://github.com/scop/bash-completion,chromebrew
sqlitebrowser,https://github.com/sqlitebrowser/sqlitebrowser,chromebrew
libdrm,https://gitlab.freedesktop.org/mesa/drm,chromebrew
tint2,https://gitlab.com/o9000/tint2/-,chromebrew
exfatprogs,https://github.com/exfatprogs/exfatprogs,chromebrew
janet,https://github.com/janet-lang/janet,chromebrew
recode,https://github.com/pinard/Recode,chromebrew
aws_shell,https://github.com/awslabs/aws-shell,chromebrew
py3_packaging,https://github.com/pypa/packaging,chromebrew
xorg_server,https://gitlab.freedesktop.org/xorg/xserver,chromebrew
docbook_xsl_nons,https://gitlab.freedesktop.org/xorg/xserver,chromebrew
sord,https://github.com/drobilla/sord,chromebrew
vtable_dumper,https://github.com/lvc/vtable-dumper,chromebrew
libewf,https://github.com/libyal/libewf,chromebrew
fuse2,https://github.com/libyal/libewf,chromebrew
tepl_5,https://gitlab.gnome.org/Archive/tepl,chromebrew
openlibm,https://github.com/JuliaMath/openlibm,chromebrew
libva_intel_driver_hybrid,https://github.com/intel/intel-vaapi-driver,chromebrew
clmystery,https://github.com/veltman/clmystery,chromebrew
b2,https://github.com/boostorg/build,chromebrew
xzutils,https://github.com/xz-mirror/xz,chromebrew
natron,https://github.com/NatronGitHub/Natron,chromebrew
xorg_proto,https://gitlab.freedesktop.org/xorg/proto/xorgproto,chromebrew
py3_text_unidecode,https://github.com/kmike/text-unidecode,chromebrew
webrtc_audio_processing,https://gitlab.freedesktop.org/pulseaudio/webrtc-audio-processing/-,chromebrew
ndctl,https://github.com/pmem/ndctl,chromebrew
tre,https://github.com/laurikari/tre,chromebrew
cracklib,https://github.com/cracklib/cracklib,chromebrew
linux_pam,https://github.com/linux-pam/linux-pam,chromebrew
py3_parsedatetime,https://github.com/bear/parsedatetime,chromebrew
freecad,https://github.com/FreeCAD/FreeCAD,chromebrew
gtksourceview_5,https://gitlab.gnome.org/GNOME/gtksourceview,chromebrew
py3_idna,https://github.com/kjd/idna,chromebrew
musl_toolchain,https://github.com/kjd/idna,chromebrew
py3_configparser,https://github.com/jaraco/configparser,chromebrew
py3_imapclient,https://github.com/mjs/imapclient,chromebrew
duktape,https://github.com/mjs/imapclient,chromebrew
pygobject,https://gitlab.gnome.org/GNOME/pygobject,chromebrew
libtinfo,https://github.com/mirror/ncurses,chromebrew
glm,https://github.com/g-truc/glm,chromebrew
py3_cython,https://github.com/cython/cython,chromebrew
csvkit,https://github.com/wireservice/csvkit,chromebrew
urlwatch,https://github.com/thp/urlwatch,chromebrew
xdotool,https://github.com/jordansissel/xdotool,chromebrew
premake,https://github.com/premake/premake-core,chromebrew
musl_libucontext,https://github.com/kaniini/libucontext,chromebrew
musl_lz4,https://github.com/lz4/lz4,chromebrew
funny_manpages,https:///github.com/ltworf/funny-manpages,chromebrew
ansible,https://github.com/ansible/ansible,chromebrew
nitrogen,https://github.com/l3ib/nitrogen,chromebrew
libstrophe,https://github.com/strophe/libstrophe,chromebrew
py3_dnspython,https://github.com/rthalley/dnspython,chromebrew
youtube_dl,https://github.com/ytdl-org/youtube-dl,chromebrew
tig,https://github.com/jonas/tig,chromebrew
words,https://github.com/saltedcoffii/words,chromebrew
py3_mako,https://github.com/sqlalchemy/mako,chromebrew
meson,https://github.com/mesonbuild/meson,chromebrew
v2ray,https://github.com/v2ray/v2ray-core,chromebrew
pipesx_sh,https://github.com/pipeseroni/pipesX.sh,chromebrew
py3_sphinxcontrib_qthelp,https://github.com/sphinx-doc/sphinxcontrib-qthelp,chromebrew
py3_sphinxcontrib_applehelp,https://github.com/sphinx-doc/sphinxcontrib-applehelp,chromebrew
btrfsprogs,https://github.com/kdave/btrfs-progs,chromebrew
bdwgc,https://github.com/ivmai/bdwgc,chromebrew
shotcut,https://github.com/mltframework/shotcut,chromebrew
jsoncpp,https://github.com/open-source-parsers/jsoncpp,chromebrew
sshrc,https://github.com/Russell91/sshrc,chromebrew
wayland,https://gitlab.freedesktop.org/wayland/wayland,chromebrew
avahi,https://github.com/lathiat/avahi,chromebrew
asciinema,https://github.com/asciinema/asciinema,chromebrew
py3_pyelftools,https://github.com/eliben/pyelftools,chromebrew
papirus_icon_theme,https://github.com/PapirusDevelopmentTeam/papirus-icon-theme,chromebrew
teams,https://github.com/PapirusDevelopmentTeam/papirus-icon-theme,chromebrew
obs,https://github.com/obsproject/obs-studio,chromebrew
libpstat,https://github.com/jcnelson/libpstat,chromebrew
rng_tools,https://github.com/nhorman/rng-tools,chromebrew
avocado_framework,https://github.com/avocado-framework/avocado,chromebrew
patchelf,https://github.com/NixOS/patchelf,chromebrew
libwacom,https://github.com/linuxwacom/libwacom,chromebrew
py3_pdfminer_six,https://github.com/pdfminer/pdfminer.six,chromebrew
libvdpau,https://gitlab.freedesktop.org/vdpau/libvdpau/-,chromebrew
libva,https://github.com/intel/libva,chromebrew
keybase,https://github.com/keybase/client,chromebrew
intel_media_driver,https://github.com/intel/media-driver,chromebrew
ccl,https://github.com/Clozure/ccl,chromebrew
sngrep,https://github.com/irontec/sngrep,chromebrew
binclock,https://github.com/JohnAnthony/Binary-Clock,chromebrew
libpipeline,https://github.com/JohnAnthony/Binary-Clock,chromebrew
qpdf,https://github.com/qpdf/qpdf,chromebrew
nettle,https://github.com/qpdf/qpdf,chromebrew
vim,https://github.com/vim/vim,chromebrew
darktable,https://github.com/darktable-org/darktable,chromebrew
jdk,https://github.com/darktable-org/darktable,chromebrew
py3_yamllint,https://github.com/adrienverge/yamllint,chromebrew
avisynthplus,https://github.com/AviSynth/AviSynthPlus,chromebrew
devil,https://github.com/DentonW/DevIL,chromebrew
vala,https://gitlab.gnome.org/GNOME/vala,chromebrew
pixz,https://github.com/vasi/pixz,chromebrew
nodebrew,https://github.com/vasi/pixz,chromebrew
libstemmer,https://github.com/zvelo/libstemmer,chromebrew
pipes_sh,https://github.com/pipeseroni/pipes.sh,chromebrew
ag,https://github.com/ggreer/the_silver_searcher,chromebrew
s3cmd,https://github.com/s3tools/s3cmd,chromebrew
libcroco,https://github.com/s3tools/s3cmd,chromebrew
sratom,https://github.com/lv2/sratom,chromebrew
radare2,https://github.com/radare/radare2,chromebrew
minizip,https://github.com/radare/radare2,chromebrew
py3_chardet,https://github.com/chardet/chardet,chromebrew
selenium_server_standalone,https://raw.githubusercontent.com/SeleniumHQ/selenium/selenium-3.11.0/README.md,chromebrew
dstat,https://github.com/dagwieers/dstat,chromebrew
libvncserver,https://github.com/dagwieers/dstat,chromebrew
gtk4,https://gitlab.gnome.org/GNOME/gtk,chromebrew
libgit2,https://github.com/libgit2/libgit2,chromebrew
a52,https://github.com/libgit2/libgit2,chromebrew
cowsay,https://github.com/tnalpgge/rank-amateur-cowsay,chromebrew
webkit2gtk,https://github.com/tnalpgge/rank-amateur-cowsay,chromebrew
go_fetch,https://github.com/gruntwork-io/fetch,chromebrew
q,https://github.com/harelba/q,chromebrew
docbook_xml44,https://github.com/harelba/q,chromebrew
libimagequant,https://github.com/harelba/q,chromebrew
ledger,https://github.com/ledger/ledger,chromebrew
docbook_xml43,https://github.com/ledger/ledger,chromebrew
libinstpatch,https://github.com/swami/libinstpatch,chromebrew
sejda_console,https://github.com/torakiki/sejda,chromebrew
tbb,https://github.com/oneapi-src/oneTBB,chromebrew
libmypaint,https://github.com/mypaint/libmypaint,chromebrew
micro,https://github.com/zyedidia/micro,chromebrew
sxhkd,https://github.com/baskerville/sxhkd,chromebrew
py3_pycryptodome,https://github.com/Legrandin/pycryptodome,chromebrew
py3_ldap3,https://github.com/cannatag/ldap3,chromebrew
py3_requests,https://github.com/psf/requests,chromebrew
dbeaver,https://github.com/psf/requests,chromebrew
cloog,https://github.com/periscop/cloog,chromebrew
py3_wcwidth,https://github.com/jquast/wcwidth,chromebrew
rlottie,https://github.com/jquast/wcwidth,chromebrew
py3_pptx,https://github.com/scanny/python-pptx,chromebrew
php73,https://github.com/scanny/python-pptx,chromebrew
gnome_maps,https://github.com/scanny/python-pptx,chromebrew
parallel,https://github.com/scanny/python-pptx,chromebrew
gox,https://github.com/mitchellh/gox,chromebrew
py3_sortedcontainers,https://github.com/grantjenks/python-sortedcontainers,chromebrew
xwayland,https://gitlab.freedesktop.org/xorg/xserver,chromebrew
libgrss,https://gitlab.gnome.org/GNOME/libgrss/-,chromebrew
openssh,https://github.com/openssh/openssh-portable,chromebrew
gphoto,https://github.com/gphoto/gphoto2,chromebrew
fish,https://github.com/fish-shell/fish-shell,chromebrew
stow,https://github.com/fish-shell/fish-shell,chromebrew
kwiml,https://gitlab.kitware.com/utils/kwiml/-,chromebrew
vagrant,https://github.com/hashicorp/vagrant,chromebrew
chruby,https://github.com/postmodern/chruby,chromebrew
py3_retrying,https://github.com/rholder/retrying,chromebrew
webkit2gtk_5,https://github.com/rholder/retrying,chromebrew
evolution_data_server,https://gitlab.gnome.org/GNOME/evolution-data-server,chromebrew
libspatialindex,https://github.com/libspatialindex/libspatialindex,chromebrew
powerline_fonts,https://github.com/powerline/fonts,chromebrew
jp2a,https://github.com/powerline/fonts,chromebrew
fswatch,https://github.com/emcrisostomo/fswatch,chromebrew
masscan,https://github.com/robertdavidgraham/masscan,chromebrew
compressdoc,https://github.com/saltedcoffii/compressdoc,chromebrew
ilmbase,https://github.com/openexr/openexr,chromebrew
keepassxc,https://github.com/keepassxreboot/keepassxc,chromebrew
gnome_terminal,https://gitlab.gnome.org/GNOME/gnome-terminal,chromebrew
openvr,https://github.com/ValveSoftware/openvr,chromebrew
kbfsgit,https://github.com/keybase/kbfs,chromebrew
aha,https://github.com/theZiz/aha,chromebrew
asciidoc,https://github.com/theZiz/aha,chromebrew
youtubedl,https://github.com/theZiz/aha,chromebrew
musl_ncurses,https://github.com/mirror/ncurses,chromebrew
py3_pathspec,https://github.com/cpburnz/python-path-specification,chromebrew
sleuthkit,https://github.com/sleuthkit/sleuthkit,chromebrew
libvpx,https://github.com/sleuthkit/sleuthkit,chromebrew
gedit,https://gitlab.gnome.org/GNOME/gedit,chromebrew
tidy,https://github.com/htacg/tidy-html5,chromebrew
py3_pycairo,https://github.com/pygobject/pycairo,chromebrew
pycairo,https://github.com/pygobject/pycairo,chromebrew
hub,https://github.com/pygobject/pycairo,chromebrew
hunspell_base,https://github.com/hunspell/hunspell,chromebrew
sqlmap,https://github.com/sqlmapproject/sqlmap,chromebrew
spirv_tools,https://github.com/KhronosGroup/SPIRV-Tools,chromebrew
cmatrix,https://github.com/abishekvashok/cmatrix,chromebrew
utf8proc,https://github.com/JuliaStrings/utf8proc,chromebrew
gittools,https://github.com/internetwache/GitTools,chromebrew
chibi_scheme,https://github.com/ashinn/chibi-scheme,chromebrew
libfmt,https://github.com/fmtlib/fmt,chromebrew
fribidi,https://github.com/fribidi/fribidi,chromebrew
libatomic_ops,https://github.com/ivmai/libatomic_ops,chromebrew
py3_speechrecognition,https://github.com/Uberi/speech_recognition,chromebrew
appstream_glib,https://github.com/hughsie/appstream-glib,chromebrew
dub,https://github.com/dlang/dub,chromebrew
libavif,https://github.com/dlang/dub,chromebrew
py3_markdown,https://github.com/Python-Markdown/markdown,chromebrew
gcab,https://gitlab.gnome.org/GNOME/gcab/-,chromebrew
clojure,https://raw.githubusercontent.com/clojure/clojure/clojure-1.10.1/readme.txt,chromebrew
peazip,https://github.com/peazip/PeaZip,chromebrew
py2_wheel,https://github.com/pypa/wheel,chromebrew
cpu_x,https://github.com/X0rg/CPU-X,chromebrew
serd,https://github.com/drobilla/serd,chromebrew
broot,https://github.com/Canop/broot,chromebrew
faac,https://github.com/knik0/faac,chromebrew
mpv,https://github.com/mpv-player/mpv,chromebrew
jansson,https://github.com/mpv-player/mpv,chromebrew
gobject_introspection,https://gitlab.gnome.org/GNOME/gobject-introspection,chromebrew
neofetch,https://github.com/dylanaraps/neofetch,chromebrew
glyr,https://github.com/sahib/glyr,chromebrew
py3_dicttoxml,https://github.com/quandyfactory/dicttoxml,chromebrew
jemalloc,https://github.com/jemalloc/jemalloc,chromebrew
screenfetch,https://github.com/KittyKatt/screenFetch,chromebrew
cronie,https://github.com/cronie-crond/cronie,chromebrew
libsass,https://github.com/sass/libsass,chromebrew
zzuf,https://github.com/samhocevar/zzuf,chromebrew
py3_tzlocal,https://github.com/regebro/tzlocal,chromebrew
pakitheme,https://github.com/saltedcoffii/pakitheme,chromebrew
xdg_utils,https://gitlab.freedesktop.org/xdg/xdg-utils/-,chromebrew
py3_iniconfig,https://github.com/pytest-dev/iniconfig,chromebrew
glfw,https://github.com/glfw/glfw,chromebrew
glibmm_2_4,https://github.com/glfw/glfw,chromebrew
libdazzle,https://gitlab.gnome.org/GNOME/libdazzle,chromebrew
modemmanager,https://gitlab.gnome.org/GNOME/libdazzle,chromebrew
docbook,https://gitlab.gnome.org/GNOME/libdazzle,chromebrew
startup_notification,https://gitlab.gnome.org/GNOME/libdazzle,chromebrew
tesseract,https://github.com/tesseract-ocr/tesseract,chromebrew
musl_krb5,https://github.com/krb5/krb5,chromebrew
re2,https://github.com/krb5/krb5,chromebrew
lilv,https://github.com/lv2/lilv,chromebrew
xdg_dbus_proxy,https://github.com/flatpak/xdg-dbus-proxy,chromebrew
libbytesize,https://github.com/storaged-project/libbytesize,chromebrew
speex,https://gitlab.xiph.org/xiph/speex,chromebrew
libarchive,https://gitlab.xiph.org/xiph/speex,chromebrew
epiphany,https://gitlab.gnome.org/GNOME/epiphany,chromebrew
py3_sphinxcontrib_htmlhelp,https://github.com/sphinx-doc/sphinxcontrib-htmlhelp,chromebrew
qemu,https://github.com/qemu/qemu,chromebrew
gstreamer,https://gitlab.freedesktop.org/gstreamer/gstreamer,chromebrew
sl,https://github.com/mtoyoda/sl,chromebrew
py3_xlsxwriter,https://github.com/jmcnamara/XlsxWriter,chromebrew
graphite,https://github.com/silnrsi/graphite,chromebrew
py3_pyte,https://github.com/selectel/pyte,chromebrew
coreutils,https://github.com/selectel/pyte,chromebrew
libepoxy,https://github.com/anholt/libepoxy,chromebrew
tepl_6,https://gitlab.gnome.org/Archive/tepl,chromebrew
samurai,https://github.com/michaelforney/samurai,chromebrew
eudev,https://github.com/gentoo/eudev,chromebrew
ripgrep,https://github.com/BurntSushi/ripgrep,chromebrew
xcb_util_xrm,https://github.com/Airblader/xcb-util-xrm,chromebrew
gambit,https://github.com/gambit/gambit,chromebrew
gmmlib,https://github.com/intel/gmmlib,chromebrew
py3_markupsafe,https://github.com/pallets/markupsafe,chromebrew
musl_libunbound,https://github.com/pallets/markupsafe,chromebrew
lz4,https://github.com/lz4/lz4,chromebrew
at_spi2_atk,https://github.com/GNOME/at-spi2-atk,chromebrew
bullet,https://github.com/bulletphysics/bullet3,chromebrew
sassc,https://github.com/sass/sassc,chromebrew
smallbasic,https://github.com/smallbasic/SmallBASIC,chromebrew
libmtp,https://github.com/libmtp/libmtp,chromebrew
vim_runtime,https://github.com/vim/vim,chromebrew
gifgen,https://github.com/lukechilds/gifgen,chromebrew
libmbedtls,https://github.com/ARMmbed/mbedtls,chromebrew
libglvnd,https://gitlab.freedesktop.org/glvnd/libglvnd,chromebrew
py3_dateutil,https://github.com/dateutil/dateutil,chromebrew
xrdb,https://gitlab.freedesktop.org/xorg/app/xrdb,chromebrew
uthash,https://github.com/troydhanson/uthash,chromebrew
ferdi,https://github.com/getferdi/ferdi,chromebrew
f3,https://github.com/AltraMayor/f3,chromebrew
py3_pygments,https://github.com/pygments/pygments,chromebrew
icu4c,https://github.com/unicode-org/icu,chromebrew
libvips,https://github.com/unicode-org/icu,chromebrew
glmark2,https://github.com/glmark2/glmark2,chromebrew
gsm,https://github.com/glmark2/glmark2,chromebrew
zeromq,https://github.com/zeromq/libzmq,chromebrew
py3_xlrd,https://github.com/python-excel/xlrd,chromebrew
openssl,https://github.com/python-excel/xlrd,chromebrew
brave,https://github.com/brave/brave-browser,chromebrew
py3_pluggy,https://github.com/pytest-dev/pluggy,chromebrew
vivaldi,https://github.com/pytest-dev/pluggy,chromebrew
pmd,https://github.com/pmd/pmd,chromebrew
libsolv,https://github.com/openSUSE/libsolv,chromebrew
crew_launcher,https://github.com/chromebrew/crew-launcher,chromebrew
gb,https://github.com/constabulary/gb,chromebrew
wpebackend_fdo,https://github.com/constabulary/gb,chromebrew
udisks2,https://github.com/storaged-project/udisks,chromebrew
folks,https://github.com/storaged-project/udisks,chromebrew
aircrack_ng,https://github.com/aircrack-ng/aircrack-ng,chromebrew
sphinx,https://github.com/sphinx-doc/sphinx,chromebrew
mypaint,https://github.com/mypaint/mypaint,chromebrew
uwsgi,https://github.com/unbit/uwsgi,chromebrew
py3_toml,https://github.com/uiri/toml,chromebrew
aribb24,https://github.com/nkoriyama/aribb24,chromebrew
xorg_intel_driver,https://github.com/nkoriyama/aribb24,chromebrew
libharu,https://github.com/libharu/libharu,chromebrew
pcaudiolib,https://github.com/espeak-ng/pcaudiolib,chromebrew
transmission,https://github.com/transmission/transmission-releases/raw/master/transmission-2.94.tar.xz,chromebrew
virglrenderer,https://github.com/transmission/transmission-releases/raw/master/transmission-2.94.tar.xz,chromebrew
neon,https://github.com/notroj/neon,chromebrew
alsa_tools,https://github.com/alsa-project/alsa-tools,chromebrew
tcpflow,https://github.com/simsong/tcpflow,chromebrew
spark,https://raw.githubusercontent.com/holman/spark/ab88ac6f8f33698f39ece2f109b1117ef39a68eb/README.md,chromebrew
libsoup2,https://gitlab.gnome.org/GNOME/libsoup,chromebrew
rlwrap,https://github.com/hanslub42/rlwrap,chromebrew
upx,https://github.com/upx/upx,chromebrew
hunspell_en_us,https://github.com/hunspell/hunspell,chromebrew
mutagen,https://github.com/mutagen-io/mutagen,chromebrew
ibus,https://github.com/ibus/ibus,chromebrew
libxdmcp,https://gitlab.freedesktop.org/xorg/lib/libxdmcp,chromebrew
packer_completion,https://github.com/mrolli/packer-bash-completion,chromebrew
dropbox_uploader,https://github.com/andreafabrizi/Dropbox-Uploader,chromebrew
exempi,https://github.com/andreafabrizi/Dropbox-Uploader,chromebrew
libostree,https://github.com/andreafabrizi/Dropbox-Uploader,chromebrew
djvulibre,https://github.com/andreafabrizi/Dropbox-Uploader,chromebrew
libeconf,https://github.com/openSUSE/libeconf,chromebrew
clib,https://github.com/clibs/clib,chromebrew
grive,https://github.com/vitalif/grive2,chromebrew
gifsicle,https://github.com/kohler/gifsicle,chromebrew
libndp,https://github.com/jpirko/libndp,chromebrew
sbt,https://github.com/sbt/sbt,chromebrew
py3_sphinxcontrib_devhelp,https://github.com/sphinx-doc/sphinxcontrib-devhelp,chromebrew
libsoup,https://gitlab.gnome.org/GNOME/libsoup,chromebrew
libmfx,https://github.com/lu-zero/mfx_dispatch,chromebrew
py3_cssselect,https://github.com/scrapy/cssselect,chromebrew
py3_arrow,https://github.com/arrow-py/arrow,chromebrew
libconfig,https://hyperrealm.github.io/libconfig/dist/libconfig-1.7.2.tar.gz,chromebrew
gcr,https://hyperrealm.github.io/libconfig/dist/libconfig-1.7.2.tar.gz,chromebrew
kcov,https://github.com/SimonKagstrom/kcov,chromebrew
ltrace,https://gitlab.com/cespedes/ltrace,chromebrew
umockdev,https://github.com/martinpitt/umockdev,chromebrew
py3_attrs,https://github.com/python-attrs/attrs,chromebrew
packer,https://github.com/python-attrs/attrs,chromebrew
xxhash,https://github.com/Cyan4973/xxHash,chromebrew
apg,https://github.com/Cyan4973/xxHash,chromebrew
libnet,https://github.com/libnet/libnet,chromebrew
ghostscript,https://github.com/ArtifexSoftware/ghostpdl-downloads,chromebrew
pdm,https://github.com/pdm-project/pdm,chromebrew
google_cloud_sdk,https://github.com/pdm-project/pdm,chromebrew
libconfuse,https://github.com/martinh/libconfuse,chromebrew
musl_libnghttp2,https://github.com/nghttp2/nghttp2,chromebrew
libheif,https://github.com/nghttp2/nghttp2,chromebrew
libgeotiff,https://github.com/OSGeo/libgeotiff,chromebrew
libdeflate,https://github.com/ebiggers/libdeflate,chromebrew
oci_cli,https://github.com/oracle/oci-cli,chromebrew
pavucontrol,https://github.com/pulseaudio/pavucontrol,chromebrew
zziplib,https://github.com/gdraheim/zziplib,chromebrew
py3_pytimeparse,https://github.com/wroberts/pytimeparse,chromebrew
musl_curl,https://github.com/wroberts/pytimeparse,chromebrew
nethack,https://github.com/NetHack/NetHack,chromebrew
cpputest,https://github.com/cpputest/cpputest,chromebrew
double_conversion,https://github.com/google/double-conversion,chromebrew
liburing,https://github.com/google/double-conversion,chromebrew
axel,https://github.com/axel-download-accelerator/axel,chromebrew
py3_pip,https://github.com/pypa/pip,chromebrew
gcc,https://github.com/pypa/pip,chromebrew
sass,https://github.com/sass/dart-sass,chromebrew
py3_pyopenssl,https://github.com/pyca/pyopenssl,chromebrew
graphviz,https://github.com/pyca/pyopenssl,chromebrew
mold,https://github.com/rui314/mold,chromebrew
openldap,https://github.com/rui314/mold,chromebrew
weston,https://gitlab.freedesktop.org/wayland/weston,chromebrew
fig2dev,https://gitlab.freedesktop.org/wayland/weston,chromebrew
libde265,https://gitlab.freedesktop.org/wayland/weston,chromebrew
arpack_ng,https://github.com/opencollab/arpack-ng,chromebrew
wayland_proxy_virtwl,https://github.com/talex5/wayland-proxy-virtwl,chromebrew
py3_sphinxcontrib_serializinghtml,https://github.com/sphinx-doc/sphinxcontrib-serializinghtml,chromebrew
libgcrypt,https://github.com/sphinx-doc/sphinxcontrib-serializinghtml,chromebrew
py3_sqlalchemy,https://github.com/sqlalchemy/sqlalchemy,chromebrew
py3_filelock,https://github.com/benediktschmitt/py-filelock,chromebrew
fontconfig,https://gitlab.freedesktop.org/fontconfig/fontconfig,chromebrew
libebml,https://github.com/Matroska-Org/libebml,chromebrew
protobuf,https://github.com/protocolbuffers/protobuf,chromebrew
wxwidgets,https://github.com/wxWidgets/wxWidgets,chromebrew
libinih,https://github.com/wxWidgets/wxWidgets,chromebrew
imagemagick6,https://github.com/ImageMagick/ImageMagick6,chromebrew
py3_pytest,https://github.com/pytest-dev/pytest,chromebrew
diy,https://github.com/diatomic/diy,chromebrew
perl_read_key,https://github.com/diatomic/diy,chromebrew
hwloc,https://github.com/open-mpi/hwloc,chromebrew
go,https://github.com/open-mpi/hwloc,chromebrew
docbook_xml51,https://github.com/open-mpi/hwloc,chromebrew
spice_protocol,https://gitlab.freedesktop.org/spice/spice-protocol/-,chromebrew
octane,https://github.com/chromium/octane,chromebrew
libgee,https://github.com/chromium/octane,chromebrew
librsync,https://github.com/librsync/librsync,chromebrew
waf,https://gitlab.com/ita1024/waf,chromebrew
snappy,https://github.com/google/snappy,chromebrew
libcdio_paranoia,https://github.com/rocky/libcdio-paranoia,chromebrew
clutter_gtk,https://github.com/rocky/libcdio-paranoia,chromebrew
igt_gpu_tools,https://github.com/rocky/libcdio-paranoia,chromebrew
libadwaita,https://gitlab.gnome.org/GNOME/libadwaita,chromebrew
sshfs,https://github.com/libfuse/sshfs,chromebrew
profanity,https://profanity-im.github.io/profanity-0.6.0.tar.gz,chromebrew
libfrei0r,https://github.com/dyne/frei0r,chromebrew
libcaca,https://github.com/cacalabs/libcaca,chromebrew
libxi,https://github.com/cacalabs/libcaca,chromebrew
yajl,https://github.com/lloyd/yajl,chromebrew
rsu_client,https://github.com/rsu-client/rsu-client,chromebrew
wireshark,https://github.com/wireshark/wireshark,chromebrew
gnome_common,https://github.com/GNOME/gnome-common,chromebrew
roswell,https://github.com/roswell/roswell,chromebrew
fasd,https://github.com/clvv/fasd,chromebrew
libvisual,https://github.com/Libvisual/libvisual,chromebrew
gnome_settings_daemon,https://gitlab.gnome.org/GNOME/gnome-settings-daemon,chromebrew
imgur,https://github.com/tremby/imgur.sh,chromebrew
deployer,https://github.com/deployphp/deployer,chromebrew
pixman,https://gitlab.freedesktop.org/pixman/pixman,chromebrew
cairo,https://gitlab.freedesktop.org/cairo/cairo,chromebrew
libxfce4ui,https://gitlab.freedesktop.org/cairo/cairo,chromebrew
py3_pycryptodomex,https://github.com/Legrandin/pycryptodome,chromebrew
polkit,https://gitlab.freedesktop.org/polkit/polkit,chromebrew
minerd,https://github.com/pooler/cpuminer,chromebrew
pkgconfig,https://gitlab.freedesktop.org/pkg-config/pkg-config/-,chromebrew
crossmobile,https://github.com/crossmob/CrossMobile,chromebrew
mutter,https://gitlab.gnome.org/GNOME/mutter,chromebrew
boost,https://gitlab.gnome.org/GNOME/mutter,chromebrew
wayland_protocols,https://gitlab.freedesktop.org/wayland/wayland-protocols,chromebrew
ldc,https://github.com/ldc-developers/ldc,chromebrew
libudev_stub,https://github.com/therealkenc/libudev-stub,chromebrew
librhash,https://github.com/rhash/RHash,chromebrew
vidstab,https://github.com/georgmartius/vid.stab,chromebrew
py3_numpy,https://github.com/numpy/numpy,chromebrew
py3_pillow,https://github.com/python-pillow/Pillow,chromebrew
xcb_proto,https://gitlab.freedesktop.org/xorg/proto/xcbproto,chromebrew
py3_decorator,https://github.com/micheles/decorator,chromebrew
geany,https://github.com/geany/geany,chromebrew
cairomm_1_0,https://github.com/geany/geany,chromebrew
leveldb,https://github.com/google/leveldb,chromebrew
py3_importlib_metadata,https://github.com/python/importlib_metadata,chromebrew
libxcvt,https://gitlab.freedesktop.org/xorg/lib/libxcvt,chromebrew
json_glib,https://gitlab.gnome.org/GNOME/json-glib,chromebrew
py3_pyasn1,https://github.com/etingof/pyasn1,chromebrew
gdbm,https://github.com/etingof/pyasn1,chromebrew
chafa,https://github.com/hpjansson/chafa,chromebrew
wireless_tools,https://github.com/HewlettPackard/wireless-tools,chromebrew
spacefm,https://github.com/IgnorantGuru/spacefm,chromebrew
libwmf,https://github.com/caolanm/libwmf,chromebrew
haveged,https://github.com/jirka-h/haveged,chromebrew
miniupnpc,https://github.com/miniupnp/miniupnp,chromebrew
webkit2gtk_4,https://github.com/miniupnp/miniupnp,chromebrew
ranger,https://github.com/ranger/ranger,chromebrew
py3_tox,https://github.com/tox-dev/tox,chromebrew
dosbox_x,https://github.com/joncampbell123/dosbox-x,chromebrew
arduino_ide,https://github.com/arduino/Arduino,chromebrew
newlisp,https://github.com/kosh04/newlisp,chromebrew
heroku,https://github.com/heroku/cli,chromebrew
osl,https://github.com/periscop/openscop,chromebrew
openal,https://github.com/kcat/openal-soft,chromebrew
php80,https://github.com/kcat/openal-soft,chromebrew
caja,https://github.com/kcat/openal-soft,chromebrew
kbd,https://github.com/legionus/kbd,chromebrew
libsodium,https://github.com/jedisct1/libsodium,chromebrew
ruby_rubocop,# 'https://github.com/rubocop/rubocop,chromebrew
libpeas,https://github.com/GNOME/libpeas,chromebrew
imagemagick7,https://github.com/ImageMagick/ImageMagick,chromebrew
bats,https://github.com/sstephenson/bats,chromebrew
cups,https://github.com/OpenPrinting/cups,chromebrew
py3_semantic_version,https://github.com/rbarrois/python-semanticversion,chromebrew
gzsize,https://github.com/bfontaine/gzsize,chromebrew
py3_psutil,https://github.com/giampaolo/psutil,chromebrew
py3_urwid,https://github.com/urwid/urwid,chromebrew
netperf,https://github.com/HewlettPackard/netperf,chromebrew
docbook_xml,https://github.com/HewlettPackard/netperf,chromebrew
libmaxminddb,https://github.com/maxmind/libmaxminddb,chromebrew
has,https://github.com/kdabir/has,chromebrew
py3_sphinxcontrib_jsmath,https://github.com/sphinx-doc/sphinxcontrib-jsmath,chromebrew
libnghttp2,https://github.com/nghttp2/nghttp2,chromebrew
librsvg,https://gitlab.gnome.org/GNOME/librsvg,chromebrew
libdsm,https://github.com/videolabs/libdsm,chromebrew
ruby_webrick,https://github.com/ruby/webrick,chromebrew
hunspell_es_any,https://github.com/hunspell/hunspell,chromebrew
oniguruma,https://github.com/kkos/oniguruma,chromebrew
pupnp,https://github.com/pupnp/pupnp,chromebrew
gmime,https://github.com/jstedfast/gmime,chromebrew
py3_libevdev,https://gitlab.freedesktop.org/libevdev/python-libevdev,chromebrew
py3_oci,https://github.com/oracle/oci-python-sdk,chromebrew
unshield,https://github.com/twogood/unshield,chromebrew
flatseal,https://github.com/tchx84/Flatseal,chromebrew
libxcomposite,https://github.com/tchx84/Flatseal,chromebrew
faad2,https://github.com/knik0/faad2,chromebrew
musl_openssl,https://github.com/knik0/faad2,chromebrew
nanomsg,https://github.com/nanomsg/nanomsg,chromebrew
tracker3,https://gitlab.gnome.org/GNOME/tracker,chromebrew
libinput,https://gitlab.freedesktop.org/libinput/libinput,chromebrew
hunspell_fr_fr,https://github.com/hunspell/hunspell,chromebrew
tldr,https://github.com/raylee/tldr-sh-client,chromebrew
poppler_data,https://github.com/raylee/tldr-sh-client,chromebrew
vulkan_headers,https://github.com/KhronosGroup/Vulkan-Headers,chromebrew
alsa_lib,https://github.com/KhronosGroup/Vulkan-Headers,chromebrew
proxychains,https://github.com/haad/proxychains,chromebrew
handbrake,https://github.com/HandBrake/HandBrake,chromebrew
iniparser,https://github.com/ndevilla/iniparser,chromebrew
gst_plugins_base,https://github.com/ndevilla/iniparser,chromebrew
gtk_vnc,https://gitlab.gnome.org/GNOME/gtk-vnc,chromebrew
fuse3,https://github.com/libfuse/libfuse,chromebrew
libgweather,https://github.com/GNOME/libgweather,chromebrew
jq,https://github.com/stedolan/jq,chromebrew
py3_agate_dfb,https://github.com/wireservice/agate-dbf,chromebrew
hunspell,https://github.com/hunspell/hunspell,chromebrew
python3,https://github.com/hunspell/hunspell,chromebrew
libcheck,https://github.com/libcheck/check,chromebrew
py3_werkzeug,https://github.com/pallets/werkzeug,chromebrew
txt2regex,https://github.com/aureliojargas/txt2regex,chromebrew
libdnet,https://github.com/dugsong/libdnet,chromebrew
cmake,https://github.com/Kitware/CMake,chromebrew
rhino,https://github.com/mozilla/rhino,chromebrew
libdb,https://github.com/berkeleydb/libdb,chromebrew
brotli,https://github.com/google/brotli,chromebrew
pacparser,https://github.com/pacparser/pacparser,chromebrew
leptonica,https://github.com/DanBloomberg/leptonica,chromebrew
mimalloc,https://github.com/microsoft/mimalloc,chromebrew
py3_alabaster,https://github.com/bitprophet/alabaster,chromebrew
pup,https://github.com/bitprophet/alabaster,chromebrew
arping,https://github.com/ThomasHabets/arping,chromebrew
py3_minidb,https://github.com/thp/minidb,chromebrew
py3_slugify,https://github.com/un33k/python-slugify,chromebrew
git_lfs,https://github.com/un33k/python-slugify,chromebrew
py3_pyicu,https://gitlab.pyicu.org/main/pyicu,chromebrew
libgd,https://gitlab.pyicu.org/main/pyicu,chromebrew
procps,https://gitlab.com/procps-ng/procps/-,chromebrew
jack1,https://github.com/jackaudio/jack1,chromebrew
py3_virtualenv,https://github.com/pypa/virtualenv,chromebrew
py3_itsdangerous,https://github.com/pallets/itsdangerous,chromebrew
pandoc,https://github.com/jgm/pandoc,chromebrew
gtk3,https://gitlab.gnome.org/GNOME/gtk,chromebrew
iputils,https://github.com/iputils/iputils,chromebrew
muparser,https://github.com/beltoforion/muparser,chromebrew
bmon,https://github.com/beltoforion/muparser,chromebrew
py3_pyparsing,https://github.com/pyparsing/pyparsing,chromebrew
glproto,https://github.com/freedesktop/glproto,chromebrew
lm_sensors,https://github.com/lm-sensors/lm-sensors,chromebrew
wkhtmltox,https://github.com/lm-sensors/lm-sensors,chromebrew
py3_leather,https://github.com/wireservice/leather,chromebrew
gnome_text_editor,https://gitlab.gnome.org/GNOME/gnome-text-editor,chromebrew
py3_impacket,https://github.com/SecureAuthCorp/impacket,chromebrew
gnome_themes_standard,https://github.com/GNOME/gnome-themes-extra,chromebrew
libaudiofile,https://github.com/mpruett/audiofile,chromebrew
xterm,https://github.com/mpruett/audiofile,chromebrew
libcap_ng,https://github.com/stevegrubb/libcap-ng,chromebrew
qtfm,https://github.com/rodlie/qtfm,chromebrew
gnome_desktop,https://gitlab.gnome.org/GNOME/gnome-desktop,chromebrew
metasploit,https://github.com/rapid7/metasploit-framework,chromebrew
swi_prolog,https://github.com/rapid7/metasploit-framework,chromebrew
docbook_xsl,https://github.com/rapid7/metasploit-framework,chromebrew
py3_agate_excel,https://github.com/wireservice/agate-excel,chromebrew
thefuck,https://github.com/nvbn/thefuck,chromebrew
torbrowser,https://github.com/nvbn/thefuck,chromebrew
neovim,https://github.com/neovim/neovim,chromebrew
pugixml,https://github.com/zeux/pugixml,chromebrew
musl_brotli,https://github.com/google/brotli,chromebrew
openjpeg,https://github.com/uclouvain/openjpeg,chromebrew
libmysofa,https://github.com/hoene/libmysofa,chromebrew
